,Problem #,Language,Model Exe Time,KS Distance - All,KS Score - All,KS Exe Time - All,KS Distance - SS,KS Score - SS,KS Exe Time - SS,KL Divergence,KL Exe Time
0,Problem01,pymc_model,2.114655017852783,0.1297394037246704,0.9999812575289293,0.597747802734375,0.11917653679847717,0.9999812575289293,0.5789089202880859,0.20706719790103648,0.0010111331939697266
1,Problem01,pyro_model,1.7458140850067139,0.13316413760185242,0.9993926187355769,0.6568078994750977,0.13000887632369995,0.9993926187355769,0.6233530044555664,0.22635896551777482,0.0010960102081298828
2,Problem01,stan_model,0.9913187026977539,0.13261288404464722,0.9993969291314886,0.6381199359893799,0.12202364206314087,0.9999812449816032,0.5797340869903564,0.20950477266040324,0.0008368492126464844
