,Problem #,Language,Model Exe Time,KS Distance - All,KS Score - All,KS Exe Time - All,KS Distance - SS,KS Score - SS,KS Exe Time - SS,KL Divergence,KL Exe Time
0,1,pymc_model,1.921753168106079,0.1297394037246704,0.9999811668630487,0.9320058822631836,0.11152029037475586,0.999999854888355,0.553074836730957,0.20831878286375233,0.009278297424316406
1,1,pyro_model,1.2938189506530762,0.1297394037246704,0.9999811691876157,0.5870110988616943,0.11733108758926392,0.9999998549253948,0.5306479930877686,0.20810780738930973,0.0008769035339355469
2,1,stan_model,0.7796759605407715,0.1297394037246704,0.9999812790113549,0.5871238708496094,0.1185503602027893,0.999999856308,0.5459408760070801,0.20560140273020827,0.0009281635284423828
3,2,pymc_model,1.0952060222625732,0.08558779954910278,1.0,0.4288761615753174,0.07680608332157135,1.0,0.37025904655456543,0.0450577214294911,0.0012252330780029297
4,2,pyro_model,1.1956169605255127,0.08558779954910278,1.0,0.4257969856262207,0.07094261050224304,1.0,0.3738071918487549,0.04421381798365824,0.0010907649993896484
5,2,stan_model,0.14963507652282715,0.08788400888442993,1.0,0.44432711601257324,0.08752381801605225,1.0,0.36936283111572266,0.04970989304088629,0.0008692741394042969
